Workbook

Sheet DATA 
A1: Quản lý | B1: Chi tiết | C1: Khung giờ tạo đơn | D1: Loại ngày | E1: Vol LTC | F1: %OPR | G1: VOL | H1: AM
A2: Đắk Lắk | B2: Bưu Cục 09 Quốc Lộ 14-Hoà Phú-Đắk Lắk | C2: 2.Tạo từ 9h-19h | D2: 2026-05-14 | E2: 425 | F2: 0.98352941 | G2: =E2*F2 -> 418 | H2: =vlookup(B2,'cơ cấu'!A:B,2,0) -> Nguyễn Thị Bảo Nhi | I2: =G2/E2 -> 0.98352941
A3: Đắk Lắk | B3: Bưu Cục 09 Quốc Lộ 14-Hoà Phú-Đắk Lắk | C3: 2.Tạo từ 9h-19h | D3: 2026-05-17 | E3: 334 | F3: 0.96407186 | G3: =E3*F3 -> 322 | H3: =vlookup(B3,'cơ cấu'!A:B,2,0) -> Nguyễn Thị Bảo Nhi | I3: =G3/E3 -> 0.96407186
A4: Đắk Lắk | B4: Bưu Cục 09 Quốc Lộ 14-Hoà Phú-Đắk Lắk | C4: 2.Tạo từ 9h-19h | D4: 2026-05-19 | E4: 314 | F4: 0.91401274 | G4: =E4*F4 -> 287 | H4: =vlookup(B4,'cơ cấu'!A:B,2,0) -> Nguyễn Thị Bảo Nhi | I4: =G4/E4 -> 0.91401274
A5: Đắk Lắk | B5: Bưu Cục 09 Quốc Lộ 14-Hoà Phú-Đắk Lắk | C5: 1.Tạo trước 9h | D5: 2026-05-16 | E5: 220 | F5: 0.11818182 | G5: =E5*F5 -> 26 | H5: =vlookup(B5,'cơ cấu'!A:B,2,0) -> Nguyễn Thị Bảo Nhi | I5: =G5/E5 -> 0.11818182
A6: Đắk Lắk | B6: Bưu Cục 34 Quang Trung-Eakar-Đắk Lắk | C6: 2.Tạo từ 9h-19h | D6: 2026-05-17 | E6: 176 | F6: 0.89772727 | G6: =E6*F6 -> 158 | H6: =vlookup(B6,'cơ cấu'!A:B,2,0) -> Nguyễn Văn Sáng | I6: =G6/E6 -> 0.89772727
A7: Đắk Lắk | B7: Bưu Cục 09 Quốc Lộ 14-Hoà Phú-Đắk Lắk | C7: 1.Tạo trước 9h | D7: 2026-05-18 | E7: 169 | F7: 0.094674556 | G7: =E7*F7 -> 16 | H7: =vlookup(B7,'cơ cấu'!A:B,2,0) -> Nguyễn Thị Bảo Nhi | I7: =G7/E7 -> 0.094674556
A8: Đắk Lắk | B8: Bưu Cục 271 Nguyễn Văn Cừ-Tân Lập-Đắk Lắk | C8: 2.Tạo từ 9h-19h | D8: 2026-05-18 | E8: 159 | F8: 0.93710692 | G8: =E8*F8 -> 149 | H8: =vlookup(B8,'cơ cấu'!A:B,2,0) -> Nguyễn Hoàng Anh | I8: =G8/E8 -> 0.93710692
A9: Đắk Lắk | B9: Bưu Cục 271 Nguyễn Văn Cừ-Tân Lập-Đắk Lắk | C9: 2.Tạo từ 9h-19h | D9: 2026-05-16 | E9: 143 | F9: 0.93006993 | G9: =E9*F9 -> 133 | H9: =vlookup(B9,'cơ cấu'!A:B,2,0) -> Nguyễn Hoàng Anh | I9: =G9/E9 -> 0.93006993
A10: Đắk Lắk | B10: Bưu Cục 09 Quốc Lộ 14-Hoà Phú-Đắk Lắk | C10: 2.Tạo từ 9h-19h | D10: 2026-05-16 | E10: 142 | F10: 0.87323944 | G10: =E10*F10 -> 124 | H10: =vlookup(B10,'cơ cấu'!A:B,2,0) -> Nguyễn Thị Bảo Nhi | I10: =G10/E10 -> 0.87323944
A11: Đắk Lắk | B11: Bưu Cục 271 Nguyễn Văn Cừ-Tân Lập-Đắk Lắk | C11: 2.Tạo từ 9h-19h | D11: 2026-05-20 | E11: 137 | F11: 0.94890511 | G11: =E11*F11 -> 130 | H11: =vlookup(B11,'cơ cấu'!A:B,2,0) -> Nguyễn Hoàng Anh | I11: =G11/E11 -> 0.94890511
A12: Đắk Lắk | B12: Bưu Cục 34 Quang Trung-Eakar-Đắk Lắk | C12: 1.Tạo trước 9h | D12: 2026-05-17 | E12: 135 | F12: 0.75555556 | G12: =E12*F12 -> 102 | H12: =vlookup(B12,'cơ cấu'!A:B,2,0) -> Nguyễn Văn Sáng | I12: =G12/E12 -> 0.75555556
A13: Đắk Lắk | B13: Bưu Cục 271 Nguyễn Văn Cừ-Tân Lập-Đắk Lắk | C13: 2.Tạo từ 9h-19h | D13: 2026-05-19 | E13: 133 | F13: 0.96240602 | G13: =E13*F13 -> 128 | H13: =vlookup(B13,'cơ cấu'!A:B,2,0) -> Nguyễn Hoàng Anh | I13: =G13/E13 -> 0.96240602
... A829: Bình Định | B829: Bưu Cục 269 Tây Sơn-Quy Nhơn-Bình Định | C829: 1.Tạo trước 9h | D829: 2026-05-20 | E829: 1 | F829: 0 | G829: =E829*F829 -> 0 | H829: =vlookup(B829,'cơ cấu'!A:B,2,0) -> Võ Thanh Diệu | I829: =G829/E829 -> 0

Sheet OPR THEO TỈNH

Sheet OPR THEO AM
R2: SO SÁNH VS N-1
R3: Vol LTC | S3: %OPR
R4: =P4-N4 -> -255 | S4: =Q4-O4 -> -0.024060919
R5: =P5-N5 -> -43 | S5: =Q5-O5 -> 0.028945048
R6: =P6-N6 -> -7 | S6: =Q6-O6 -> 0.048484848
R7: =P7-N7 -> 5 | S7: =Q7-O7 -> -0.44666667
R8: =P8-N8 -> -36 | S8: =Q8-O8 -> -0.0029680318
R9: =P9-N9 -> -8 | S9: =Q9-O9 -> 0.59454191
R10: =P10-N10 -> 42 | S10: =Q10-O10 -> 0.42591039
R11: =P11-N11 -> -37 | S11: =Q11-O11 -> 0.017241379
R12: =P12-N12 -> 0 | S12: =Q12-O12 -> -0.22727273
R13: =P13-N13 -> -4 | S13: =Q13-O13 -> 0
R14: =P14-N14 -> -6 | S14: =Q14-O14 -> 0.045454545
R15: =P15-N15 -> 1 | S15: =Q15-O15 -> -1
... R49: =P49-N49 -> -361 | S49: =Q49-O49 -> -0.07856894
Q55: SO SÁNH VS N-1
Q56: Vol LTC | R56: %OPR
Q57: =O57-M57 -> -305 | R57: =P57-N57 -> -0.021153153
Q58: =O58-M58 -> -39 | R58: =P58-N58 -> 0.0022909507
Q59: =O59-M59 -> 5 | R59: =P59-N59 -> 0.02066365
Q60: =O60-M60 -> -9 | R60: =P60-N60 -> 0.06162465
Q61: =O61-M61 -> -3 | R61: =P61-N61 -> 0.029632858
Q62: =O62-M62 -> 23 | R62: =P62-N62 -> -0.011428881
Q63: =O63-M63 -> -50 | R63: =P63-N63 -> -0.044822422
Q64: =O64-M64 -> -29 | R64: =P64-N64 -> -0.46976256
Q65: =O65-M65 -> 2 | R65: =P65-N65 -> 0.08989665
Q66: =O66-M66 -> 1 | R66: =P66-N66 -> -0.1557971
Q67: =O67-M67 -> 4 | R67: =P67-N67 -> -0.06875
Q68: =O68-M68 -> -33 | R68: =P68-N68 -> -0.054012346
... Q72: =O72-M72 -> -361 | R72: =P72-N72 -> -0.07856894

Sheet DATA THÁNG 
A1: Quản lý | B1: Chi tiết | C1: Khung giờ tạo đơn | D1: Loại ngày | E1: Vol LTC | F1: %OPR | G1: VOL | H1: AM | L1: Loại ngày | M1: Values
A2: Đắk Lắk | B2: Bưu Cục 225 Phạm Văn Đồng-Buôn Ma Thuột-Đắk Lắk | C2: 2.Tạo từ 9h-19h | D2: 2026/03/ | E2: 2297 | F2: 0.9050936 | G2: =E2*F2 -> 2079 | H2: =vlookup(B2,'cơ cấu'!A:B,2,0) -> Nguyễn Hoàng Anh | I2: =G2/E2 -> 0.9050936 | L2: 2026/03/ | N2: 2026/04/
A3: Đắk Lắk | B3: Bưu Cục 03 Trần Hưng Đạo-Krông Pắc-Đắk Lắk | C3: 2.Tạo từ 9h-19h | D3: 2026/03/ | E3: 1732 | F3: 0.90704388 | G3: =E3*F3 -> 1571 | H3: =vlookup(B3,'cơ cấu'!A:B,2,0) -> Nguyễn Văn Sáng | I3: =G3/E3 -> 0.90704388 | K3: AM | L3: SUM of Vol LTC | M3: Calculated Field 1 | N3: SUM of Vol LTC | O3: Calculated Field 1
A4: Đắk Lắk | B4: Bưu Cục 64 Hùng Vương-Thị Trấn Krông Năng-Đắk Lắk | C4: 2.Tạo từ 9h-19h | D4: 2026/03/ | E4: 1528 | F4: 0.98691099 | G4: =E4*F4 -> 1508 | H4: =vlookup(B4,'cơ cấu'!A:B,2,0) -> Mai Đức Hoàng Long | I4: =G4/E4 -> 0.98691099 | K4: Huỳnh Thị Mới | L4: 6382 | M4: 0.53635224 | N4: 1569 | O4: 0.81198215
A5: Đắk Lắk | B5: Bưu Cục 132 Hoàng Hoa Thám-Buôn Ma Thuột-Đắk Lắk | C5: 2.Tạo từ 9h-19h | D5: 2026/03/ | E5: 1295 | F5: 0.98532819 | G5: =E5*F5 -> 1276 | H5: =vlookup(B5,'cơ cấu'!A:B,2,0) -> Nguyễn Văn Sáng | I5: =G5/E5 -> 0.98532819 | K5: Lê Trọng Khiêm | L5: 2832 | M5: 0.90077684 | N5: 553 | O5: 0.83905967
A6: Đắk Lắk | B6: Bưu Cục 225 Phạm Văn Đồng-Buôn Ma Thuột-Đắk Lắk | C6: 1.Tạo trước 9h | D6: 2026/03/ | E6: 1249 | F6: 0.25540432 | G6: =E6*F6 -> 319 | H6: =vlookup(B6,'cơ cấu'!A:B,2,0) -> Nguyễn Hoàng Anh | I6: =G6/E6 -> 0.25540432 | K6: Lê Văn Tài | L6: 1669 | M6: 0.84961055 | N6: 318 | O6: 0.8490566
A7: Đắk Lắk | B7: Bưu Cục 34 Quang Trung-Eakar-Đắk Lắk | C7: 1.Tạo trước 9h | D7: 2026/03/ | E7: 1236 | F7: 0.023462783 | G7: =E7*F7 -> 29 | H7: =vlookup(B7,'cơ cấu'!A:B,2,0) -> Nguyễn Văn Sáng | I7: =G7/E7 -> 0.023462783 | K7: Mai Đức Hoàng Long | L7: 1780 | M7: 0.91966292 | N7: 462 | O7: 0.85064935
A8: Đắk Lắk | B8: Bưu Cục KM92 QL14-Xã Ea Drăng-Đắk Lắk | C8: 2.Tạo từ 9h-19h | D8: 2026/03/ | E8: 952 | F8: 0.9842437 | G8: =E8*F8 -> 937 | H8: =vlookup(B8,'cơ cấu'!A:B,2,0) -> Lê Văn Tài | I8: =G8/E8 -> 0.9842437 | K8: Ngô Thị Bích Trâm | L8: 827 | M8: 0.52116082 | N8: 131 | O8: 0.4351145
A9: Đắk Lắk | B9: Bưu Cục 34 Quang Trung-Eakar-Đắk Lắk | C9: 2.Tạo từ 9h-19h | D9: 2026/03/ | E9: 841 | F9: 0.98573127 | G9: =E9*F9 -> 829 | H9: =vlookup(B9,'cơ cấu'!A:B,2,0) -> Nguyễn Văn Sáng | I9: =G9/E9 -> 0.98573127 | K9: Nguyễn Hoàng Anh | L9: 5160 | M9: 0.65232558 | N9: 1001 | O9: 0.82417582
A10: Đắk Lắk | B10: Bưu Cục 225 Phạm Văn Đồng-Buôn Ma Thuột-Đắk Lắk | C10: 3.Tạo sau 19h | D10: 2026/03/ | E10: 818 | F10: 0.31540342 | G10: =E10*F10 -> 258 | H10: =vlookup(B10,'cơ cấu'!A:B,2,0) -> Nguyễn Hoàng Anh | I10: =G10/E10 -> 0.31540342 | K10: Nguyễn Ngọc Hà | L10: 1598 | M10: 0.5350438 | N10: 264 | O10: 0.67045455
A11: Đắk Lắk | B11: Bưu Cục 03 Trần Hưng Đạo-Krông Pắc-Đắk Lắk | C11: 1.Tạo trước 9h | D11: 2026/03/ | E11: 807 | F11: 0.1016109 | G11: =E11*F11 -> 82 | H11: =vlookup(B11,'cơ cấu'!A:B,2,0) -> Nguyễn Văn Sáng | I11: =G11/E11 -> 0.1016109 | K11: Nguyễn Công Luận | L11: 924 | M11: 0.54437229 | N11: 238 | O11: 0.57563025
A12: Đắk Lắk | B12: Bưu Cục 132 Hoàng Hoa Thám-Buôn Ma Thuột-Đắk Lắk | C12: 1.Tạo trước 9h | D12: 2026/03/ | E12: 685 | F12: 0.033576642 | G12: =E12*F12 -> 23 | H12: =vlookup(B12,'cơ cấu'!A:B,2,0) -> Nguyễn Văn Sáng | I12: =G12/E12 -> 0.033576642 | K12: Nguyễn Đình Trung | L12: 2008 | M12: 0.42131474 | N12: 315 | O12: 0.47936508
A13: Đắk Lắk | B13: Bưu Cục 125 Lý Chính Thắng-Buôn Ma Thuột-Đắk Lắk | C13: 2.Tạo từ 9h-19h | D13: 2026/03/ | E13: 657 | F13: 0.73363775 | G13: =E13*F13 -> 482 | H13: =vlookup(B13,'cơ cấu'!A:B,2,0) -> Nguyễn Ngọc Hà | I13: =G13/E13 -> 0.73363775 | K13: Nguyễn Thị Bảo Nhi | L13: 2189 | M13: 0.73686615 | N13: 1226 | O13: 0.78058728
A14: Đắk Lắk | B14: Bưu Cục Thị Trấn Buôn Trấp-Krông A Na-Đắk Lắk | C14: 1.Tạo trước 9h | D14: 2026/03/ | E14: 651 | F14: 0.49769585 | G14: =E14*F14 -> 324 | H14: =vlookup(B14,'cơ cấu'!A:B,2,0) -> Nguyễn Thị Bảo Nhi | I14: =G14/E14 -> 0.49769585 | K14: Nguyễn Văn Sáng | L14: 6889 | M14: 0.56757149 | N14: 1333 | O14: 0.57164291
A15: Đắk Lắk | B15: Bưu Cục 70 Đường 30/4-Ea Tam-Buôn Ma Thuột-Đắk Lắk | C15: 2.Tạo từ 9h-19h | D15: 2026/04/ | E15: 574 | F15: 0.96341463 | G15: =E15*F15 -> 553 | H15: =vlookup(B15,'cơ cấu'!A:B,2,0) -> Nguyễn Thị Bảo Nhi | I15: =G15/E15 -> 0.96341463 | K15: Phan Thanh Thức | L15: 3883 | M15: 0.62065413 | N15: 1634 | O15: 0.7753978
... A19: Đắk Lắk | B19: Bưu Cục 225 Phạm Văn Đồng-Buôn Ma Thuột-Đắk Lắk | C19: 2.Tạo từ 9h-19h | D19: 2026/04/ | E19: 495 | F19: 0.83636364 | G19: =E19*F19 -> 414 | H19: =vlookup(B19,'cơ cấu'!A:B,2,0) -> Nguyễn Hoàng Anh | I19: =G19/E19 -> 0.83636364 | K19: Grand Total | L19: 48437 | M19: 0.66661849 | N19: 12737 | O19: 0.78684149
A20: Đắk Lắk | B20: Bưu Cục 34 Quang Trung-Eakar-Đắk Lắk | C20: 1.Tạo trước 9h | D20: 2026/04/ | E20: 399 | F20: 0.007518797 | G20: =E20*F20 -> 3 | H20: =vlookup(B20,'cơ cấu'!A:B,2,0) -> Nguyễn Văn Sáng | I20: =G20/E20 -> 0.007518797
A21: Đắk Lắk | B21: Bưu Cục 70 Đường 30/4-Ea Tam-Buôn Ma Thuột-Đắk Lắk | C21: 1.Tạo trước 9h | D21: 2026/04/ | E21: 375 | F21: 0.59466667 | G21: =E21*F21 -> 223 | H21: =vlookup(B21,'cơ cấu'!A:B,2,0) -> Nguyễn Thị Bảo Nhi | I21: =G21/E21 -> 0.59466667
A22: Đắk Lắk | B22: Bưu Cục 125 Lý Chính Thắng-Buôn Ma Thuột-Đắk Lắk | C22: 1.Tạo trước 9h | D22: 2026/03/ | E22: 350 | F22: 0.014285714 | G22: =E22*F22 -> 5 | H22: =vlookup(B22,'cơ cấu'!A:B,2,0) -> Nguyễn Ngọc Hà | I22: =G22/E22 -> 0.014285714
A23: Đắk Lắk | B23: Bưu Cục 64 Hùng Vương-Thị Trấn Krông Năng-Đắk Lắk | C23: 2.Tạo từ 9h-19h | D23: 2026/04/ | E23: 321 | F23: 0.99688474 | G23: =E23*F23 -> 320 | H23: =vlookup(B23,'cơ cấu'!A:B,2,0) -> Mai Đức Hoàng Long | I23: =G23/E23 -> 0.99688474
A24: Đắk Lắk | B24: Bưu Cục Thôn Tân Lập Quốc Lộ 26-Xã Cư M'ta-M'Đrắk-Đăk Lắk | C24: 2.Tạo từ 9h-19h | D24: 2026/03/ | E24: 320 | F24: 0.8875 | G24: =E24*F24 -> 284 | H24: =vlookup(B24,'cơ cấu'!A:B,2,0) -> Nguyễn Ngọc Hà | I24: =G24/E24 -> 0.8875
A25: Đắk Lắk | B25: Bưu Cục 03 Trần Hưng Đạo-Krông Pắc-Đắk Lắk | C25: 2.Tạo từ 9h-19h | D25: 2026/04/ | E25: 300 | F25: 0.84333333 | G25: =E25*F25 -> 253 | H25: =vlookup(B25,'cơ cấu'!A:B,2,0) -> Nguyễn Văn Sáng | I25: =G25/E25 -> 0.84333333
A26: Đắk Lắk | B26: Bưu Cục 941 Giải Phóng-Ea Đrăng-Ea H'Leo-Đắk Lắk | C26: 2.Tạo từ 9h-19h | D26: 2026/03/ | E26: 289 | F26: 0.95155709 | G26: =E26*F26 -> 275 | H26: =vlookup(B26,'cơ cấu'!A:B,2,0) -> Lê Văn Tài | I26: =G26/E26 -> 0.95155709
A27: Đắk Lắk | B27: Bưu Cục 70 Đường 30/4-Ea Tam-Buôn Ma Thuột-Đắk Lắk | C27: 1.Tạo trước 9h | D27: 2026/03/ | E27: 278 | F27: 0.58273381 | G27: =E27*F27 -> 162 | H27: =vlookup(B27,'cơ cấu'!A:B,2,0) -> Nguyễn Thị Bảo Nhi | I27: =G27/E27 -> 0.58273381
A28: Đắk Lắk | B28: Bưu Cục 132 Hoàng Hoa Thám-Buôn Ma Thuột-Đắk Lắk | C28: 2.Tạo từ 9h-19h | D28: 2026/04/ | E28: 247 | F28: 0.96356275 | G28: =E28*F28 -> 238 | H28: =vlookup(B28,'cơ cấu'!A:B,2,0) -> Nguyễn Văn Sáng | I28: =G28/E28 -> 0.96356275
A29: Đắk Lắk | B29: Bưu Cục 34 Quang Trung-Eakar-Đắk Lắk | C29: 2.Tạo từ 9h-19h | D29: 2026/04/ | E29: 245 | F29: 0.9877551 | G29: =E29*F29 -> 242 | H29: =vlookup(B29,'cơ cấu'!A:B,2,0) -> Nguyễn Văn Sáng | I29: =G29/E29 -> 0.9877551
A30: Đắk Lắk | B30: Bưu Cục 225 Phạm Văn Đồng-Buôn Ma Thuột-Đắk Lắk | C30: 1.Tạo trước 9h | D30: 2026/04/ | E30: 236 | F30: 0.75847458 | G30: =E30*F30 -> 179 | H30: =vlookup(B30,'cơ cấu'!A:B,2,0) -> Nguyễn Hoàng Anh | I30: =G30/E30 -> 0.75847458
A31: Đắk Lắk | B31: Bưu Cục KM92 QL14-Xã Ea Drăng-Đắk Lắk | C31: 2.Tạo từ 9h-19h | D31: 2026/04/ | E31: 232 | F31: 0.99137931 | G31: =E31*F31 -> 230 | H31: =vlookup(B31,'cơ cấu'!A:B,2,0) -> Lê Văn Tài | I31: =G31/E31 -> 0.99137931
... A310: Bình Định | B310: Bưu Cục 269 Tây Sơn-Quy Nhơn-Bình Định | C310: 1.Tạo trước 9h | D310: 2026/04/ | E310: 1 | F310: 0 | G310: =E310*F310 -> 0 | H310: =vlookup(B310,'cơ cấu'!A:B,2,0) -> Võ Thanh Diệu | I310: =G310/E310 -> 0

Sheet %OPR THEO BC 

Sheet SHOP %OPR TỆ NGÀY N-1

Sheet CHI TIẾT OPR THEO SHOP 
A1: Quản lý | B1: Chi tiết | C1: Khung giờ tạo đơn | D1: Loại ngày | E1: Vol LTC | F1: %OPR | G1: VOL | H1: AM
A2: Điểm xử lý hàng Thôn Xuân Phong Nam-An Lão-Bình Định | B2: Cream store | C2: 1.Tạo trước 9h | D2: 2026-05-17 | E2: 2 | F2: 0 | G2: =E2*F2 -> 0 | H2: =VLOOKUP(A2,'cơ cấu'!A:B,2,0) -> Trần Nhật Thương | I2: =G2/E2 -> 0
A3: Điểm xử lý hàng Thôn Xuân Phong Nam-An Lão-Bình Định | B3: Cream store | C3: 2.Tạo từ 9h-19h | D3: 2026-05-15 | E3: 1 | F3: 0 | G3: =E3*F3 -> 0 | H3: =VLOOKUP(A3,'cơ cấu'!A:B,2,0) -> Trần Nhật Thương | I3: =G3/E3 -> 0
A4: Điểm xử lý hàng Thôn Xuân Phong Nam-An Lão-Bình Định | B4: Cream store | C4: 1.Tạo trước 9h | D4: 2026-05-18 | E4: 1 | F4: 0 | G4: =E4*F4 -> 0 | H4: =VLOOKUP(A4,'cơ cấu'!A:B,2,0) -> Trần Nhật Thương | I4: =G4/E4 -> 0
A5: Điểm xử lý hàng Thôn Xuân Phong Nam-An Lão-Bình Định | B5: Cream store | C5: 2.Tạo từ 9h-19h | D5: 2026-05-19 | E5: 1 | F5: 0 | G5: =E5*F5 -> 0 | H5: =VLOOKUP(A5,'cơ cấu'!A:B,2,0) -> Trần Nhật Thương | I5: =G5/E5 -> 0
A6: Bưu cục DT644-Sông Cầu-Phú Yên | B6: Mit Mit Home | C6: 2.Tạo từ 9h-19h | D6: 2026-05-17 | E6: 9 | F6: 1 | G6: =E6*F6 -> 9 | H6: =VLOOKUP(A6,'cơ cấu'!A:B,2,0) -> Lê Trọng Khiêm | I6: =G6/E6 -> 1
A7: Bưu cục DT644-Sông Cầu-Phú Yên | B7: Yến Nguyễnn | C7: 2.Tạo từ 9h-19h | D7: 2026-05-16 | E7: 8 | F7: 1 | G7: =E7*F7 -> 8 | H7: =VLOOKUP(A7,'cơ cấu'!A:B,2,0) -> Lê Trọng Khiêm | I7: =G7/E7 -> 1
A8: Bưu cục DT644-Sông Cầu-Phú Yên | B8: mordern | C8: 2.Tạo từ 9h-19h | D8: 2026-05-18 | E8: 8 | F8: 0.75 | G8: =E8*F8 -> 6 | H8: =VLOOKUP(A8,'cơ cấu'!A:B,2,0) -> Lê Trọng Khiêm | I8: =G8/E8 -> 0.75
A9: Bưu cục DT644-Sông Cầu-Phú Yên | B9: Mit Mit Home | C9: 2.Tạo từ 9h-19h | D9: 2026-05-14 | E9: 7 | F9: 1 | G9: =E9*F9 -> 7 | H9: =VLOOKUP(A9,'cơ cấu'!A:B,2,0) -> Lê Trọng Khiêm | I9: =G9/E9 -> 1
A10: Bưu cục DT644-Sông Cầu-Phú Yên | B10: Tenke N'go Shop | C10: 2.Tạo từ 9h-19h | D10: 2026-05-14 | E10: 6 | F10: 1 | G10: =E10*F10 -> 6 | H10: =VLOOKUP(A10,'cơ cấu'!A:B,2,0) -> Lê Trọng Khiêm | I10: =G10/E10 -> 1
A11: Bưu cục DT644-Sông Cầu-Phú Yên | B11: mordern | C11: 2.Tạo từ 9h-19h | D11: 2026-05-20 | E11: 6 | F11: 1 | G11: =E11*F11 -> 6 | H11: =VLOOKUP(A11,'cơ cấu'!A:B,2,0) -> Lê Trọng Khiêm | I11: =G11/E11 -> 1
A12: Bưu cục DT644-Sông Cầu-Phú Yên | B12: Yến Nguyễnn | C12: 2.Tạo từ 9h-19h | D12: 2026-05-14 | E12: 5 | F12: 1 | G12: =E12*F12 -> 5 | H12: =VLOOKUP(A12,'cơ cấu'!A:B,2,0) -> Lê Trọng Khiêm | I12: =G12/E12 -> 1
A13: Bưu cục DT644-Sông Cầu-Phú Yên | B13: Yến Nguyễnn | C13: 1.Tạo trước 9h | D13: 2026-05-18 | E13: 5 | F13: 1 | G13: =E13*F13 -> 5 | H13: =VLOOKUP(A13,'cơ cấu'!A:B,2,0) -> Lê Trọng Khiêm | I13: =G13/E13 -> 1
... A2162: Bưu Cục 01 An Bình-Ea KNốp-Ea Kar-Đắk Lắk | B2162: Hoa Shop Làm Đẹp | C2162: 1.Tạo trước 9h | D2162: 2026-05-20 | E2162: 1 | F2162: 1 | G2162: =E2162*F2162 -> 1 | H2162: =VLOOKUP(A2162,'cơ cấu'!A:B,2,0) -> Nguyễn Ngọc Hà | I2162: =G2162/E2162 -> 1

Sheet CHI TIẾT ĐƠN TRỄ OPR N-1
A1: vung | B1: madh | C1: BC lấy | D1: Thời gian tạo | E1: Thời gian LTC | F1: sellername | G1: ly_do_tre_12h | H1: AM
A2: TNG | B2: VNGH80317606110 | C2: Bưu Cục 569 Trường Chinh-Pleiku-Gia Lai | D2: 46161.598 | E2: 46162.717 | F2: Đồ chơi xe Hoàn nobi | G2: 2.Khách hẹn lại | H2: =VLOOKUP(C2,'cơ cấu'!A:B,2,0) -> Phan Thị Mỹ Chi
A3: TNG | B3: VNGH80776776110 | C3: Bưu Cục Khu Vực Kim Châu-An Nhơn-Bình Định | D3: 46161.691 | E3: 46162.496 | F3: Đồ Chơi Shop Cho Bé | G3: 3.Không liên lạc được | H3: =VLOOKUP(C3,'cơ cấu'!A:B,2,0) -> Phan Thanh Thức
A4: TNG | B4: VNGH80606326110 | C4: Bưu Cục 271 Nguyễn Văn Cừ-Tân Lập-Đắk Lắk | D4: 46161.582 | E4: 46162.674 | F4: Đèn led Hương Hoà | G4: 2.Khách hẹn lại | H4: =VLOOKUP(C4,'cơ cấu'!A:B,2,0) -> Nguyễn Hoàng Anh
A5: TNG | B5: VNGH80517256109 | C5: Bưu Cục Thị Trấn Phú Thứ-Tây Hoà-Phú Yên | D5: 46161.493 | E5: 46162.423 | F5: Đặng Sương Shop 2 | G5: 3.Không liên lạc được | H5: =VLOOKUP(C5,'cơ cấu'!A:B,2,0) -> Huỳnh Thị Mới
A6: TNG | B6: VNGH80722326201 | C6: Bưu Cục 70 Đường 30/4-Ea Tam-Buôn Ma Thuột-Đắk Lắk | D6: 46162.251 | E6: 46162.589 | F6: ĐOÀN ĐỘI THÀNH CÔNG BMT | G6: 4.Khác | H6: =VLOOKUP(C6,'cơ cấu'!A:B,2,0) -> Nguyễn Thị Bảo Nhi
A7: TNG | B7: VNGH80439726201 | C7: Bưu Cục 70 Đường 30/4-Ea Tam-Buôn Ma Thuột-Đắk Lắk | D7: 46162.251 | E7: 46162.589 | F7: ĐOÀN ĐỘI THÀNH CÔNG BMT | G7: 4.Khác | H7: =VLOOKUP(C7,'cơ cấu'!A:B,2,0) -> Nguyễn Thị Bảo Nhi
A8: TNG | B8: VNGH80367486110 | C8: Bưu Cục 70 Đường 30/4-Ea Tam-Buôn Ma Thuột-Đắk Lắk | D8: 46162.251 | E8: 46162.589 | F8: ĐOÀN ĐỘI THÀNH CÔNG BMT | G8: 4.Khác | H8: =VLOOKUP(C8,'cơ cấu'!A:B,2,0) -> Nguyễn Thị Bảo Nhi
A9: TNG | B9: VNGH80386166110 | C9: Bưu Cục Thôn Tân Lập Quốc Lộ 26-Xã Cư M'ta-M'Đrắk-Đăk Lắk | D9: 46161.666 | E9: 46162.57 | F9: ĐIỆN MÁY PHONG VIỆT | G9: 2.Khách hẹn lại | H9: =VLOOKUP(C9,'cơ cấu'!A:B,2,0) -> Nguyễn Ngọc Hà
A10: TNG | B10: VNGH80170396110 | C10: Bưu Cục 127B Lê Văn Tám-Thị Trấn Kbang-Huyện Kbang-Gia Lai | D10: 46161.855 | E10: 46162.507 | F10: xưởng hạt nhà Noo | G10: 4.Khác | H10: =VLOOKUP(C10,'cơ cấu'!A:B,2,0) -> Nguyễn Đình Trung
A11: TNG | B11: VNGH80575286108 | C11: Bưu Cục 03 Trần Hưng Đạo-Krông Pắc-Đắk Lắk | D11: 46161.355 | E11: 46162.359 | F11: shop mâm non như tuyết | G11: 3.Không liên lạc được | H11: =VLOOKUP(C11,'cơ cấu'!A:B,2,0) -> Nguyễn Văn Sáng
A12: TNG | B12: VNGH80866316109 | C12: Bưu Cục 03 Trần Hưng Đạo-Krông Pắc-Đắk Lắk | D12: 46161.355 | E12: 46162.359 | F12: shop mâm non như tuyết | G12: 3.Không liên lạc được | H12: =VLOOKUP(C12,'cơ cấu'!A:B,2,0) -> Nguyễn Văn Sáng
A13: TNG | B13: VNGH80431726108 | C13: Bưu Cục 03 Trần Hưng Đạo-Krông Pắc-Đắk Lắk | D13: 46160.769 | E13: 46162.359 | F13: shop mâm non như tuyết | G13: 1.Gan_tre | H13: =VLOOKUP(C13,'cơ cấu'!A:B,2,0) -> Nguyễn Văn Sáng
... A744: TNG | B744: VNGH80743366201 | C744: Bưu Cục 09 Quốc Lộ 14-Hoà Phú-Đắk Lắk | D744: 46162.338 | E744: 46162.522 | F744: 22.Nastore | G744: 4.Khác | H744: =VLOOKUP(C744,'cơ cấu'!A:B,2,0) -> Nguyễn Thị Bảo Nhi

Sheet cơ cấu
A1: Chi tiết | B1: Cấp Quản Lý | D1: ID Bưu cục | E1: Bưu cục
A2: Bưu Cục 204 Trần Hưng Đạo-Buôn Hồ-Đắk Lắk | B2: Mai Đức Hoàng Long
A3: Bưu Cục 159 Tân Quảng-EaTóh-Krông Năng-Đắk Lắk | B3: Mai Đức Hoàng Long | D3: 1434 | E3: Bưu Cục Hoài Nhơn-Bình Định
A4: Bưu Cục 64 Hùng Vương-Thị Trấn Krông Năng-Đắk Lắk | B4: Mai Đức Hoàng Long | D4: 20172000 | E4: Bưu Cục 44 Quang Trung-Tây Sơn-Bình Định
A5: Bưu Cục 569 Trường Chinh-Pleiku-Gia Lai | B5: Phan Thị Mỹ Chi | D5: 20173000 | E5: Bưu Cục 269 Tây Sơn-Quy Nhơn-Bình Định
A6: Bưu Cục 153 Hùng Vương-Ia Grai-Gia Lai | B6: Phan Thị Mỹ Chi | D6: 20573000 | E6: Điểm xử lý hàng Thôn Xuân Phong Nam-An Lão-Bình Định
A7: Bưu Cục 172 Hùng Vương-Chư Prông-Gia Lai | B7: Ngô Thị Bích Trâm | D7: 22211000 | E7: Bưu Cục 396 Âu Cơ-Bùi Thị Xuân-Quy Nhơn-Bình Định
A8: Bưu Cục 499 Phạm Văn Đồng-Pleiku-Gia Lai | B8: Ngô Thị Bích Trâm | D8: 22393000 | E8: Bưu Cục Đường 3 Tháng 2-Xã Phù Cát-Bình Định
A9: Bưu Cục 73 Lê Lợi-Chư Pah-Gia Lai | B9: Phan Thị Mỹ Chi | D9: 20762000 | E9: Bưu Cục 565 Trần Phú-Tuy Phước-Bình Định
A10: Bưu Cục 274 Hùng Vương-Tuy Hòa-Phú Yên | B10: Huỳnh Thị Mới | D10: 20385000 | E10: Bưu Cục 767 Hùng Vương-Quy Nhơn-Bình Định
A11: Bưu Cục KP3 TT Hai Riềng-Sông Hinh-Phú Yên | B11: Huỳnh Thị Mới | D11: 20808000 | E11: Bưu Cục 263 Đống Đa-Quy Nhơn-Bình Định
A12: Bưu Cục KP4 Hòa Vinh- Đông Hòa- Phú Yên | B12: Huỳnh Thị Mới | D12: 22735000 | E12: Bưu Cục 21 Tây Sơn-Xã Phù Mỹ-Bình Định
A13: Bưu Cục Thị Trấn Phú Thứ-Tây Hoà-Phú Yên | B13: Huỳnh Thị Mới | D13: 21127000 | E13: Bưu Cục Khu Vực Kim Châu-An Nhơn-Bình Định
A14: Bưu Cục 138 Trần Phú- Đồng Xuân- Phú Yên | B14: Lê Trọng Khiêm | D14: 21989000 | E14: Bưu Cục Số 35 Phạm Văn Đồng-Tăng Bạt Hổ-Hoài Ân-Bình Định
... A65: Bưu Cục Tân Hòa-Buôn Ma Thuột-Đắk Lắk | B65: Nguyễn Hoàng Anh | D65: 22767000 | E65: Bưu Cục Thôn Chánh Hóa-Xã Cát Tiến-Bình Định
A66: Bưu Cục Đường Tỉnh 643-Xã Tuy An Nam-Phú Yên | B66: Lê Trọng Khiêm
A67: Bưu Cục 71 Quốc Lộ 1A-Xã Tuy An Bắc-Phú Yên | B67: Lê Trọng Khiêm
A69: Bưu Cục 271 Nguyễn Văn Cừ-Tân Lập-Đắk Lắk | B69: Nguyễn Hoàng Anh
A70: Bưu Cục 09 Quốc Lộ 14-Hoà Phú-Đắk Lắk | B70: Nguyễn Thị Bảo Nhi
